crop,year,month,avg_price,min_price,max_price,cv,yoy_change,annual_avg,sell_score
Beans,2023,5,65.1778125,45.0,96.67,19.16,,57.34117672537939,100.0
Beans,2023,6,62.44233333333333,25.0,120.0,38.55,,57.34117672537939,87.9
Beans,2023,7,77.4466129032258,28.0,130.0,45.53,,57.34117672537939,100.0
Beans,2023,8,46.36666666666667,27.5,86.67,37.6,,57.34117672537939,65.7
Beans,2023,9,70.85785714285714,45.0,106.67,24.62,,57.34117672537939,100.0
Beans,2023,10,50.53258064516129,17.0,85.0,45.01,,57.34117672537939,68.3
Beans,2023,11,22.93103448275862,15.0,30.0,17.76,,57.34117672537939,36.4
Beans,2023,12,62.97451612903226,35.0,86.67,29.64,,57.34117672537939,93.5
Beans,2024,1,50.166935483870965,35.0,76.67,21.88,,84.90535387086544,52.6
Beans,2024,2,97.95092592592593,65.0,155.0,27.39,,84.90535387086544,99.6
Beans,2024,3,82.03741379310345,25.0,170.0,56.0,,84.90535387086544,69.6
Beans,2024,4,87.82266666666666,28.0,115.0,23.9,,84.90535387086544,91.1
Beans,2024,5,83.36133333333333,46.0,126.0,24.01,27.9,84.90535387086544,86.4
Beans,2024,6,55.825,45.0,95.0,20.49,-10.6,84.90535387086544,59.0
Beans,2024,7,115.5701754385965,65.0,210.0,37.58,49.2,84.90535387086544,100.0
Beans,2024,8,78.95639344262295,45.0,115.0,20.72,70.3,84.90535387086544,83.4
Beans,2024,9,79.50309090909091,45.0,95.0,16.19,12.2,84.90535387086544,86.1
Beans,2024,10,89.28887096774193,62.33,135.0,20.98,76.7,84.90535387086544,94.1
Beans,2024,11,93.8048275862069,45.0,155.0,34.25,309.1,84.90535387086544,91.6
Beans,2024,12,104.57661290322581,75.0,145.0,18.53,66.1,84.90535387086544,100.0
Beans,2025,1,61.49431034482759,36.67,85.0,16.35,22.6,73.86031641246495,76.5
Beans,2025,2,46.851851851851855,35.0,65.0,18.81,-52.2,73.86031641246495,57.5
Beans,2025,3,47.86810344827586,27.67,75.0,25.08,-41.7,73.86031641246495,56.7
Beans,2025,4,80.53571428571429,65.0,85.0,7.36,-8.3,73.86031641246495,100.0
Beans,2025,5,46.21933333333333,25.0,75.0,32.07,-44.6,73.86031641246495,52.5
Beans,2025,6,38.553666666666665,23.67,60.0,24.2,-30.9,73.86031641246495,45.9
Beans,2025,7,44.64645161290323,29.0,73.75,19.18,-61.4,73.86031641246495,54.7
Beans,2025,8,87.91383333333333,45.0,126.0,24.7,11.3,73.86031641246495,100.0
Beans,2025,9,93.0,76.0,105.0,15.53,17.0,73.86031641246495,100.0
Beans,2025,10,106.04145161290322,53.4,177.5,28.67,18.8,73.86031641246495,100.0
Beans,2025,11,131.89166666666668,64.25,185.0,24.32,40.6,73.86031641246495,100.0
Beans,2025,12,101.30741379310345,50.0,170.0,39.17,-3.1,73.86031641246495,100.0
Beans,2026,1,109.12633333333333,75.0,143.33,15.03,77.5,74.4303636899499,100.0
Beans,2026,2,98.22,45.0,205.0,34.91,109.6,74.4303636899499,100.0
Beans,2026,3,59.672413793103445,25.0,115.0,47.7,24.7,74.4303636899499,61.1
Beans,2026,4,41.88403846153846,15.0,95.0,42.45,-48.0,74.4303636899499,44.3
Beans,2026,5,71.19189655172414,25.0,112.5,31.42,54.0,74.4303636899499,80.6
Beans,2026,6,66.4875,44.0,80.0,15.82,72.5,74.4303636899499,82.3
Bitter Gourd,2023,5,36.58375,23.0,57.5,28.42,,64.86786044440179,48.4
Bitter Gourd,2023,6,51.47233333333334,32.5,95.0,32.62,,64.86786044440179,66.4
Bitter Gourd,2023,7,73.38709677419355,45.0,115.0,31.8,,64.86786044440179,95.1
Bitter Gourd,2023,8,41.833333333333336,34.0,65.0,19.12,,64.86786044440179,58.3
Bitter Gourd,2023,9,78.25607142857143,54.0,115.0,22.08,,64.86786044440179,100.0
Bitter Gourd,2023,10,70.89548387096775,55.0,96.67,14.55,,64.86786044440179,100.0
Bitter Gourd,2023,11,84.23481481481483,55.0,115.0,17.21,,64.86786044440179,100.0
Bitter Gourd,2023,12,82.28,65.0,115.0,19.83,,64.86786044440179,100.0
Bitter Gourd,2024,1,119.53806451612903,95.0,140.0,9.22,,83.20747044727338,100.0
Bitter Gourd,2024,2,122.55999999999999,108.75,146.67,9.63,,83.20747044727338,100.0
Bitter Gourd,2024,3,123.334,95.0,170.0,15.05,,83.20747044727338,100.0
Bitter Gourd,2024,4,91.0,55.0,145.0,22.28,,83.20747044727338,97.2
Bitter Gourd,2024,5,48.86666666666667,25.0,85.0,23.94,33.6,83.20747044727338,51.7
Bitter Gourd,2024,6,41.206896551724135,25.0,56.0,26.47,-19.9,83.20747044727338,43.0
Bitter Gourd,2024,7,68.48333333333333,30.0,110.0,33.77,-6.7,83.20747044727338,68.4
Bitter Gourd,2024,8,42.45161290322581,27.0,86.0,28.83,1.5,83.20747044727338,43.7
Bitter Gourd,2024,9,71.14814814814815,55.0,110.0,21.8,-9.1,83.20747044727338,76.2
Bitter Gourd,2024,10,81.18290322580646,51.67,115.0,20.78,14.5,83.20747044727338,87.4
Bitter Gourd,2024,11,88.87931034482759,55.0,122.5,20.77,5.5,83.20747044727338,95.7
Bitter Gourd,2024,12,99.83870967741936,85.0,115.0,8.72,21.3,83.20747044727338,100.0
Bitter Gourd,2025,1,97.58620689655173,85.0,125.0,9.15,-18.4,74.78573457010827,100.0
Bitter Gourd,2025,2,112.73148148148148,85.0,145.0,13.13,-8.0,74.78573457010827,100.0
Bitter Gourd,2025,3,111.72413793103448,90.0,135.0,12.95,-9.4,74.78573457010827,100.0
Bitter Gourd,2025,4,59.71178571428572,25.0,115.0,49.83,-34.4,74.78573457010827,60.0
Bitter Gourd,2025,5,32.017,17.67,45.0,26.34,-34.5,74.78573457010827,37.2
Bitter Gourd,2025,6,37.193333333333335,23.0,50.75,22.48,-9.7,74.78573457010827,44.1
Bitter Gourd,2025,7,23.51225806451613,11.4,38.75,39.28,-65.7,74.78573457010827,25.3
Bitter Gourd,2025,8,50.748333333333335,15.0,95.0,44.63,19.5,74.78573457010827,52.7
Bitter Gourd,2025,9,56.5,55.0,58.0,3.75,-20.6,74.78573457010827,74.1
Bitter Gourd,2025,10,75.12096774193549,44.5,97.0,25.27,-7.5,74.78573457010827,87.8
Bitter Gourd,2025,11,126.72399999999999,66.25,170.0,20.95,42.6,74.78573457010827,100.0
Bitter Gourd,2025,12,113.85931034482759,85.0,130.0,11.5,14.0,74.78573457010827,100.0
Bitter Gourd,2026,1,145.161,102.0,185.0,19.91,48.8,104.9221299734748,100.0
Bitter Gourd,2026,2,175.16653846153847,160.0,210.0,5.27,55.4,104.9221299734748,100.0
Bitter Gourd,2026,3,139.25862068965517,95.0,170.0,16.22,24.6,104.9221299734748,100.0
Bitter Gourd,2026,4,83.47,29.17,160.0,54.82,39.8,104.9221299734748,57.7
Bitter Gourd,2026,5,48.46862068965517,23.75,75.0,32.82,51.4,104.9221299734748,38.6
Bitter Gourd,2026,6,38.007999999999996,23.33,55.0,22.47,2.2,104.9221299734748,32.2
Broccoli,2023,5,80.729375,55.0,130.0,22.53,,115.35466854789053,62.1
Broccoli,2023,6,82.523,65.0,106.67,13.55,,115.35466854789053,66.7
Broccoli,2023,7,79.71064516129033,55.0,96.67,18.43,,115.35466854789053,62.7
Broccoli,2023,8,100.1907142857143,76.0,223.33,36.08,,115.35466854789053,71.2
Broccoli,2023,9,287.4996428571429,170.0,326.67,12.61,,115.35466854789053,100.0
Broccoli,2023,10,184.91354838709677,85.0,300.0,37.84,,115.35466854789053,100.0
Broccoli,2023,11,60.006551724137935,35.0,96.67,29.68,,115.35466854789053,44.3
Broccoli,2023,12,47.26387096774194,35.0,65.0,21.87,,115.35466854789053,36.5
Broccoli,2024,1,59.17258064516129,35.0,96.67,26.81,,104.76049022601048,48.9
Broccoli,2024,2,54.75071428571429,30.0,86.0,26.2,,104.76049022601048,45.4
Broccoli,2024,3,46.45666666666667,35.0,56.67,13.54,,104.76049022601048,41.3
Broccoli,2024,4,66.057,45.0,115.0,30.61,,104.76049022601048,53.4
Broccoli,2024,5,101.20599999999999,65.0,116.67,13.8,25.4,104.76049022601048,89.9
Broccoli,2024,6,95.29931034482757,65.0,133.33,19.17,15.5,104.76049022601048,82.2
Broccoli,2024,7,142.11700000000002,90.0,476.67,50.6,78.3,104.76049022601048,100.0
Broccoli,2024,8,178.79548387096773,136.0,226.67,11.69,78.5,104.76049022601048,100.0
Broccoli,2024,9,129.63037037037037,75.0,223.33,29.39,-54.9,104.76049022601048,100.0
Broccoli,2024,10,151.8551612903226,95.0,190.0,19.19,-17.9,104.76049022601048,100.0
Broccoli,2024,11,137.61892857142857,95.0,173.33,11.98,129.3,104.76049022601048,100.0
Broccoli,2024,12,94.16666666666667,55.0,135.0,28.37,99.2,104.76049022601048,77.1
Broccoli,2025,1,32.06896551724138,25.0,45.0,27.49,-45.8,104.92189162659668,26.4
Broccoli,2025,2,29.444444444444443,25.0,45.0,24.62,-46.2,104.92189162659668,24.6
Broccoli,2025,3,38.96551724137931,35.0,45.0,12.07,-16.1,104.92189162659668,34.9
Broccoli,2025,4,52.63925925925926,35.0,81.25,25.74,-20.3,104.92189162659668,43.7
Broccoli,2025,5,74.72233333333334,50.0,95.0,17.75,-26.2,104.92189162659668,64.9
Broccoli,2025,6,64.611,45.0,85.25,17.54,-32.2,104.92189162659668,56.2
Broccoli,2025,7,92.86032258064516,61.67,177.5,43.02,-34.7,104.92189162659668,69.5
Broccoli,2025,8,227.00033333333334,170.0,278.0,13.97,27.0,104.92189162659668,100.0
Broccoli,2025,9,207.5,140.0,275.0,46.0,60.1,104.92189162659668,100.0
Broccoli,2025,10,180.43,110.0,250.0,22.95,18.8,104.92189162659668,100.0
Broccoli,2025,11,144.92766666666665,110.0,192.0,11.6,5.3,104.92189162659668,100.0
Broccoli,2025,12,113.89285714285714,83.33,170.0,21.71,20.9,104.92189162659668,96.8
Broccoli,2026,1,87.84833333333333,40.0,122.5,29.23,173.9,75.39103615613845,99.5
Broccoli,2026,2,40.56115384615384,30.0,51.0,16.04,37.8,75.39103615613845,49.5
Broccoli,2026,3,57.98344827586207,20.0,110.0,54.67,48.8,75.39103615613845,55.9
Broccoli,2026,4,65.9268,50.0,83.75,14.07,25.2,75.39103615613845,81.3
Broccoli,2026,5,87.65148148148148,35.0,128.0,27.68,17.3,75.39103615613845,100.0
Broccoli,2026,6,112.375,87.5,136.25,13.23,73.9,75.39103615613845,100.0
Cabbage,2023,5,12.406,11.4,14.2,5.61,,33.23307555352508,36.3
Cabbage,2023,6,11.486333333333333,7.6,13.6,13.99,,33.23307555352508,32.1
Cabbage,2023,7,11.868620689655172,7.5,15.0,15.23,,33.23307555352508,33.0
Cabbage,2023,8,18.983999999999998,12.33,45.0,42.42,,33.23307555352508,45.0
Cabbage,2023,9,66.42857142857143,45.0,76.0,12.18,,33.23307555352508,100.0
Cabbage,2023,10,58.23935483870968,45.0,76.0,17.16,,33.23307555352508,100.0
Cabbage,2023,11,49.82793103448276,35.0,66.67,16.64,,33.23307555352508,100.0
Cabbage,2023,12,36.62379310344827,27.67,55.0,14.18,,33.23307555352508,100.0
Cabbage,2024,1,29.721525423728814,22.33,41.4,15.62,,42.83763190528895,64.0
Cabbage,2024,2,33.59461538461539,22.33,55.0,20.34,,42.83763190528895,70.4
Cabbage,2024,3,26.651864406779662,20.75,35.0,13.49,,42.83763190528895,58.0
Cabbage,2024,4,30.033333333333335,12.33,45.0,42.09,,42.83763190528895,55.4
Cabbage,2024,5,42.48571428571429,25.0,55.0,17.85,242.5,42.83763190528895,90.3
Cabbage,2024,6,25.159,19.0,35.0,17.21,119.0,42.83763190528895,53.7
Cabbage,2024,7,38.73133333333333,21.6,55.0,26.78,226.3,42.83763190528895,78.3
Cabbage,2024,8,65.33354838709677,45.0,76.0,10.46,244.2,42.83763190528895,100.0
Cabbage,2024,9,56.42857142857143,45.0,105.0,23.49,-15.1,42.83763190528895,100.0
Cabbage,2024,10,51.63709677419355,45.0,75.0,18.29,-11.3,42.83763190528895,100.0
Cabbage,2024,11,67.09517241379311,35.0,95.0,27.85,34.7,42.83763190528895,100.0
Cabbage,2024,12,47.17980769230769,25.0,65.0,21.28,28.8,42.83763190528895,98.4
Cabbage,2025,1,20.46551724137931,11.0,30.0,27.43,-31.1,30.327394067699867,58.2
Cabbage,2025,2,12.063518518518517,10.0,20.0,16.51,-64.1,30.327394067699867,36.5
Cabbage,2025,3,13.01948275862069,10.0,17.67,21.34,-51.1,30.327394067699867,38.3
Cabbage,2025,4,14.815357142857142,10.0,20.0,19.17,-50.7,30.327394067699867,44.2
Cabbage,2025,5,13.707105263157894,10.0,17.67,17.82,-67.7,30.327394067699867,41.2
Cabbage,2025,6,24.283,12.33,37.8,31.94,-3.5,30.327394067699867,67.3
Cabbage,2025,7,28.17774193548387,23.8,34.33,10.25,-27.2,30.327394067699867,88.2
Cabbage,2025,8,27.173214285714288,19.0,38.0,24.99,-58.4,30.327394067699867,78.4
Cabbage,2025,9,46.25,42.5,50.0,11.47,-18.0,30.327394067699867,100.0
Cabbage,2025,10,57.553999999999995,35.0,95.0,24.85,11.5,30.327394067699867,100.0
Cabbage,2025,11,60.523125,45.0,76.25,14.2,-9.8,30.327394067699867,100.0
Cabbage,2025,12,45.89666666666667,22.5,65.0,22.33,-2.7,30.327394067699867,100.0
Cabbage,2026,1,49.195166666666665,27.5,70.0,19.73,140.4,38.467480014383895,100.0
Cabbage,2026,2,40.27096153846154,25.0,60.0,23.86,233.8,38.467480014383895,92.2
Cabbage,2026,3,25.59344827586207,16.75,40.0,21.58,96.6,38.467480014383895,59.4
Cabbage,2026,4,33.078529411764706,17.5,52.5,29.78,123.3,38.467480014383895,73.2
Cabbage,2026,5,33.16677419354839,25.0,42.5,11.91,142.0,38.467480014383895,81.1
Cabbage,2026,6,49.5,35.0,56.25,15.48,103.8,38.467480014383895,100.0
Carrot,2023,5,72.49,65.0,77.5,7.26,,93.27661744199904,74.9
Carrot,2023,6,105.82300000000001,75.0,116.67,11.09,,93.27661744199904,100.0
Carrot,2023,7,106.6458064516129,85.0,130.0,13.02,,93.27661744199904,100.0
Carrot,2023,8,110.434,105.0,116.67,3.51,,93.27661744199904,100.0
Carrot,2023,9,131.01321428571427,95.0,146.67,7.96,,93.27661744199904,100.0
Carrot,2023,10,114.42548387096774,85.0,146.67,12.11,,93.27661744199904,100.0
Carrot,2023,11,59.897241379310344,45.0,86.67,16.48,,93.27661744199904,58.9
Carrot,2023,12,45.4841935483871,45.0,55.0,4.04,,93.27661744199904,47.8
Carrot,2024,1,39.67741935483871,34.0,47.67,10.39,,81.80377521201144,46.0
Carrot,2024,2,32.56,27.5,45.0,12.92,,81.80377521201144,37.2
Carrot,2024,3,34.24307692307692,27.67,38.33,7.88,,81.80377521201144,40.2
Carrot,2024,4,46.565333333333335,37.5,65.0,22.93,,81.80377521201144,50.4
Carrot,2024,5,63.0,55.0,77.67,12.57,-13.1,81.80377521201144,72.2
Carrot,2024,6,65.73333333333333,55.0,76.0,5.34,-37.9,81.80377521201144,78.2
Carrot,2024,7,89.47800000000001,64.0,113.33,16.49,-16.1,81.80377521201144,100.0
Carrot,2024,8,103.36548387096774,85.0,116.0,8.97,-6.4,81.80377521201144,100.0
Carrot,2024,9,117.2025,95.0,226.67,23.84,-10.5,81.80377521201144,100.0
Carrot,2024,10,129.32516129032257,95.0,160.0,13.95,13.0,81.80377521201144,100.0
Carrot,2024,11,145.17241379310346,115.0,190.0,12.77,142.4,81.80377521201144,100.0
Carrot,2024,12,115.3225806451613,95.0,155.0,19.32,153.5,81.80377521201144,100.0
Carrot,2025,1,70.97724137931036,35.0,125.0,37.91,78.9,78.61812409094566,73.2
Carrot,2025,2,33.80259259259259,27.67,45.0,14.09,3.8,78.61812409094566,40.0
Carrot,2025,3,37.35620689655172,30.0,45.0,13.62,9.1,78.61812409094566,44.3
Carrot,2025,4,32.94642857142857,25.0,45.0,15.75,-29.2,78.61812409094566,38.6
Carrot,2025,5,44.708333333333336,25.0,51.25,14.69,-29.0,78.61812409094566,52.7
Carrot,2025,6,62.06733333333333,30.0,85.0,22.14,-5.6,78.61812409094566,70.2
Carrot,2025,7,86.79870967741937,56.25,96.25,11.13,-3.0,78.61812409094566,100.0
Carrot,2025,8,110.65833333333333,95.0,125.0,10.28,7.1,78.61812409094566,100.0
Carrot,2025,9,121.0,117.0,125.0,4.68,3.2,78.61812409094566,100.0
Carrot,2025,10,120.02483870967743,102.0,135.0,6.37,-7.2,78.61812409094566,100.0
Carrot,2025,11,127.33333333333333,110.0,150.0,10.19,-12.3,78.61812409094566,100.0
Carrot,2025,12,95.74413793103449,75.0,142.0,25.87,-17.0,78.61812409094566,100.0
Carrot,2026,1,62.63033333333333,45.0,75.0,15.68,-11.8,55.816715590922485,100.0
Carrot,2026,2,53.44538461538461,45.0,75.0,14.48,58.1,55.816715590922485,88.8
Carrot,2026,3,36.752758620689654,25.0,45.0,19.91,-1.6,55.816715590922485,59.3
Carrot,2026,4,42.01923076923077,25.0,55.0,24.85,27.5,55.816715590922485,65.9
Carrot,2026,5,55.077586206896555,45.0,76.0,14.6,23.2,55.816715590922485,91.5
Carrot,2026,6,84.975,70.0,112.5,17.91,36.9,55.816715590922485,100.0
Cauliflower,2023,5,76.9796875,55.0,95.0,12.52,,67.27481251917098,100.0
Cauliflower,2023,6,73.04533333333333,45.0,115.0,23.62,,67.27481251917098,95.8
Cauliflower,2023,7,78.52524590163934,45.0,110.0,18.97,,67.27481251917098,100.0
Cauliflower,2023,8,67.35600000000001,55.0,96.0,18.15,,67.27481251917098,91.0
Cauliflower,2023,9,92.86206896551724,75.0,120.0,11.21,,67.27481251917098,100.0
Cauliflower,2023,10,93.91387096774193,45.0,125.0,19.6,,67.27481251917098,100.0
Cauliflower,2023,11,25.692745098039214,10.0,46.0,41.68,,67.27481251917098,30.2
Cauliflower,2023,12,29.823548387096775,12.4,56.67,41.01,,67.27481251917098,35.2
Cauliflower,2024,1,41.127741935483876,17.67,65.0,26.3,,72.72921704584574,49.1
Cauliflower,2024,2,38.3175,25.75,65.0,26.12,,72.72921704584574,45.8
Cauliflower,2024,3,36.97266666666667,15.0,65.0,29.76,,72.72921704584574,43.3
Cauliflower,2024,4,48.161833333333334,15.0,96.67,34.93,,72.72921704584574,54.7
Cauliflower,2024,5,60.351,45.0,76.67,15.41,-21.6,72.72921704584574,76.6
Cauliflower,2024,6,66.42266666666667,35.0,105.0,20.5,-9.1,72.72921704584574,82.0
Cauliflower,2024,7,85.75186440677966,45.0,115.0,18.84,9.2,72.72921704584574,100.0
Cauliflower,2024,8,97.69532258064515,65.0,130.0,17.62,45.0,72.72921704584574,100.0
Cauliflower,2024,9,109.275,65.0,156.67,18.55,17.7,72.72921704584574,100.0
Cauliflower,2024,10,106.29838709677419,55.0,135.75,20.82,13.2,72.72921704584574,100.0
Cauliflower,2024,11,105.38194444444444,65.0,138.75,17.19,310.2,72.72921704584574,100.0
Cauliflower,2024,12,76.99467741935484,22.67,110.0,27.1,158.2,72.72921704584574,91.5
Cauliflower,2025,1,21.356551724137933,10.0,55.0,39.8,-48.1,57.54531903119383,29.7
Cauliflower,2025,2,16.089444444444446,10.0,30.0,26.49,-58.0,57.54531903119383,24.3
Cauliflower,2025,3,24.587413793103448,12.33,45.0,37.86,-33.5,57.54531903119383,34.6
Cauliflower,2025,4,29.42936170212766,22.33,47.67,21.3,-38.9,57.54531903119383,45.7
Cauliflower,2025,5,40.81133333333333,15.0,65.0,37.77,-32.4,57.54531903119383,57.5
Cauliflower,2025,6,58.318333333333335,26.75,87.0,26.98,-12.2,57.54531903119383,87.7
Cauliflower,2025,7,65.06636363636363,51.0,115.0,18.55,-24.1,57.54531903119383,100.0
Cauliflower,2025,8,105.8719512195122,65.0,157.0,18.14,8.4,57.54531903119383,100.0
Cauliflower,2025,9,80.0,75.0,85.0,8.84,-26.8,57.54531903119383,100.0
Cauliflower,2025,10,99.81099999999999,55.0,152.0,21.88,-6.1,57.54531903119383,100.0
Cauliflower,2025,11,84.5562857142857,58.33,145.0,25.18,-19.8,57.54531903119383,100.0
Cauliflower,2025,12,64.6457894736842,43.13,85.0,19.13,-16.0,57.54531903119383,100.0
Cauliflower,2026,1,81.88683333333333,45.0,130.0,26.0,283.4,57.737444009596636,100.0
Cauliflower,2026,2,40.135576923076925,21.5,72.5,33.08,149.5,57.737444009596636,58.0
Cauliflower,2026,3,50.66263157894737,19.4,95.0,48.44,106.1,57.737444009596636,66.5
Cauliflower,2026,4,47.7324,21.25,75.0,33.83,62.2,57.737444009596636,68.7
Cauliflower,2026,5,50.382222222222225,33.33,90.0,24.89,23.5,57.737444009596636,76.4
Cauliflower,2026,6,75.625,63.75,86.25,9.64,29.7,57.737444009596636,100.0
Cucumber,2023,5,101.40625,85.0,136.0,15.49,,76.5593377777557,100.0
Cucumber,2023,6,94.96666666666667,64.0,130.0,23.27,,76.5593377777557,100.0
Cucumber,2023,7,76.29032258064517,44.0,120.0,27.22,,76.5593377777557,86.1
Cucumber,2023,8,49.778,36.0,96.67,27.95,,76.5593377777557,55.9
Cucumber,2023,9,93.63107142857143,65.0,130.0,23.11,,76.5593377777557,100.0
Cucumber,2023,10,81.49193548387096,46.0,122.0,18.56,,76.5593377777557,96.6
Cucumber,2023,11,34.86206896551724,19.0,46.0,24.11,,76.5593377777557,40.0
Cucumber,2023,12,80.04838709677419,45.0,112.5,24.59,,76.5593377777557,91.7
Cucumber,2024,1,121.16666666666667,85.0,150.0,14.61,,95.16119670003708,100.0
Cucumber,2024,2,146.42892857142857,125.0,190.0,14.43,,95.16119670003708,100.0
Cucumber,2024,3,105.4,55.0,140.0,23.1,,95.16119670003708,98.0
Cucumber,2024,4,81.0,50.0,130.0,23.33,,95.16119670003708,75.2
Cucumber,2024,5,56.18333333333333,41.0,82.5,16.78,-44.6,95.16119670003708,54.1
Cucumber,2024,6,71.23333333333333,46.0,110.0,22.57,-25.0,95.16119670003708,66.4
Cucumber,2024,7,93.76666666666667,60.0,160.0,25.27,22.9,95.16119670003708,86.1
Cucumber,2024,8,65.06451612903226,45.0,76.0,14.93,30.7,95.16119670003708,63.3
Cucumber,2024,9,63.85107142857142,42.33,116.67,28.88,-31.8,95.16119670003708,57.4
Cucumber,2024,10,108.62903225806451,85.0,141.25,14.49,33.3,95.16119670003708,100.0
Cucumber,2024,11,116.30758620689656,75.0,195.0,22.28,233.6,95.16119670003708,100.0
Cucumber,2024,12,112.90322580645162,95.0,145.0,12.77,41.0,95.16119670003708,100.0
Cucumber,2025,1,121.9251724137931,110.0,142.5,8.53,0.6,74.0909016468161,100.0
Cucumber,2025,2,111.66666666666667,70.0,145.0,17.6,-23.7,74.0909016468161,100.0
Cucumber,2025,3,54.310344827586206,45.0,65.0,9.12,-48.5,74.0909016468161,70.0
Cucumber,2025,4,87.23214285714286,55.0,115.0,18.68,7.7,74.0909016468161,100.0
Cucumber,2025,5,46.333333333333336,25.0,75.0,24.86,-17.5,74.0909016468161,54.8
Cucumber,2025,6,51.94666666666667,35.0,78.75,26.05,-27.1,74.0909016468161,61.0
Cucumber,2025,7,51.5358064516129,36.0,70.0,17.17,-45.0,74.0909016468161,63.6
Cucumber,2025,8,55.89333333333333,40.0,100.0,24.98,-14.1,74.0909016468161,66.0
Cucumber,2025,9,75.0,45.0,105.0,56.57,17.5,74.0909016468161,72.6
Cucumber,2025,10,82.69354838709677,60.0,120.0,17.9,-23.9,74.0909016468161,100.0
Cucumber,2025,11,88.6619298245614,43.75,140.0,29.84,-23.8,74.0909016468161,100.0
Cucumber,2025,12,61.891875,45.0,88.33,17.13,-45.2,74.0909016468161,76.4
Cucumber,2026,1,100.94433333333333,57.5,147.5,25.37,-17.2,73.46859172864548,100.0
Cucumber,2026,2,120.94794117647058,56.25,162.5,22.01,8.3,73.46859172864548,100.0
Cucumber,2026,3,54.683793103448274,20.0,100.0,34.15,0.7,73.46859172864548,61.7
Cucumber,2026,4,41.372499999999995,20.0,75.0,29.79,-52.6,73.46859172864548,47.9
Cucumber,2026,5,55.27948275862069,30.0,73.33,18.92,19.3,73.46859172864548,68.1
Cucumber,2026,6,67.5835,55.0,85.0,13.26,30.1,73.46859172864548,85.9
Garlic,2023,5,196.1775,126.67,255.0,28.17,,243.12150890870808,69.3
Garlic,2023,6,206.73883333333333,150.0,246.0,13.67,,243.12150890870808,79.2
Garlic,2023,7,229.9791935483871,170.0,276.0,13.26,,243.12150890870808,88.3
Garlic,2023,8,255.2903333333333,216.67,276.0,6.83,,243.12150890870808,100.0
Garlic,2023,9,245.07535714285714,225.0,276.67,6.35,,243.12150890870808,97.6
Garlic,2023,10,257.08233333333334,228.0,290.0,5.79,,243.12150890870808,100.0
Garlic,2023,11,283.32206896551725,255.0,310.0,4.83,,243.12150890870808,100.0
Garlic,2023,12,271.30645161290323,270.0,290.0,1.53,,243.12150890870808,100.0
Garlic,2024,1,262.9727868852459,250.0,290.0,3.21,,263.7803476284197,98.1
Garlic,2024,2,321.25310344827585,246.0,366.67,11.67,,263.7803476284197,100.0
Garlic,2024,3,216.12086206896552,170.0,265.0,12.39,,263.7803476284197,76.9
Garlic,2024,4,219.902,143.33,278.0,23.95,,263.7803476284197,73.4
Garlic,2024,5,230.71266666666668,170.0,276.0,15.57,17.6,263.7803476284197,80.7
Garlic,2024,6,214.95,175.0,250.0,10.32,4.0,263.7803476284197,77.3
Garlic,2024,7,217.26666666666668,190.0,250.0,9.17,-5.5,263.7803476284197,78.6
Garlic,2024,8,242.7232258064516,210.0,310.0,8.51,-4.9,263.7803476284197,88.1
Garlic,2024,9,295.02375,170.0,330.0,9.59,20.4,263.7803476284197,100.0
Garlic,2024,10,293.7095161290323,240.0,310.0,5.19,14.2,263.7803476284197,100.0
Garlic,2024,11,331.54448275862075,290.0,355.0,5.72,17.0,263.7803476284197,100.0
Garlic,2024,12,319.1851111111111,290.0,435.0,11.43,17.6,263.7803476284197,100.0
Garlic,2025,1,290.0,290.0,290.0,0.0,10.3,224.54190871338565,100.0
Garlic,2025,2,293.49056603773585,275.0,390.0,6.61,-8.6,224.54190871338565,100.0
Garlic,2025,3,261.3157894736842,190.0,310.0,13.1,20.9,224.54190871338565,100.0
Garlic,2025,4,300.0,290.0,310.0,3.36,36.4,224.54190871338565,100.0
Garlic,2025,5,259.001,176.67,310.0,17.54,12.3,224.54190871338565,100.0
Garlic,2025,6,183.90016666666668,148.0,260.0,14.59,-14.4,224.54190871338565,75.9
Garlic,2025,7,170.87370967741936,150.0,192.5,11.34,-21.4,224.54190871338565,71.8
Garlic,2025,8,173.74137931034483,145.0,210.0,14.1,-28.4,224.54190871338565,71.9
Garlic,2025,9,180.0,150.0,210.0,19.25,-39.0,224.54190871338565,72.4
Garlic,2025,10,176.68548387096774,142.5,210.0,15.08,-39.8,224.54190871338565,72.8
Garlic,2025,11,171.52766666666668,115.0,195.0,13.0,-48.3,224.54190871338565,71.4
Garlic,2025,12,233.96714285714285,150.0,393.33,27.58,-26.7,224.54190871338565,89.8
Garlic,2026,1,246.01870370370372,160.0,456.25,28.48,-15.2,196.8711569310851,100.0
Garlic,2026,2,217.27272727272728,190.0,245.0,9.33,-26.0,196.8711569310851,100.0
Garlic,2026,3,215.71844827586207,175.0,246.67,12.65,-17.4,196.8711569310851,100.0
Garlic,2026,4,171.41826923076923,108.75,270.0,26.15,-42.9,196.8711569310851,75.7
Garlic,2026,5,145.42379310344828,85.0,205.0,28.49,-43.9,196.8711569310851,63.3
Garlic,2026,6,185.375,150.0,212.5,13.16,0.8,196.8711569310851,88.0
Ginger,2023,5,269.114375,240.0,290.0,4.8,,216.6001766984811,100.0
Ginger,2023,6,280.2223333333333,230.0,312.0,10.89,,216.6001766984811,100.0
Ginger,2023,7,279.8067741935484,250.0,312.0,6.73,,216.6001766984811,100.0
Ginger,2023,8,264.75533333333334,260.0,270.0,0.95,,216.6001766984811,100.0
Ginger,2023,9,169.2917857142857,150.0,208.0,8.25,,216.6001766984811,74.9
Ginger,2023,10,154.99451612903226,136.0,176.0,8.69,,216.6001766984811,68.4
Ginger,2023,11,157.20758620689654,140.0,170.0,3.45,,216.6001766984811,71.3
Ginger,2023,12,157.40870967741935,148.0,160.0,2.68,,216.6001766984811,71.7
Ginger,2024,1,163.90354838709678,145.0,190.0,9.36,,208.80149832485833,74.8
Ginger,2024,2,219.88035714285712,190.0,236.67,6.37,,208.80149832485833,100.0
Ginger,2024,3,214.16666666666666,195.0,230.0,4.34,,208.80149832485833,100.0
Ginger,2024,4,255.73333333333332,210.0,276.0,7.75,,208.80149832485833,100.0
Ginger,2024,5,267.2443333333333,255.0,290.0,3.22,-0.7,208.80149832485833,100.0
Ginger,2024,6,276.93333333333334,258.0,290.0,4.69,-1.2,208.80149832485833,100.0
Ginger,2024,7,232.52233333333334,192.0,266.67,7.88,-16.9,208.80149832485833,100.0
Ginger,2024,8,205.42451612903224,170.0,246.0,8.34,-22.4,208.80149832485833,94.3
Ginger,2024,9,201.96428571428572,190.0,216.67,5.28,19.3,208.80149832485833,94.2
Ginger,2024,10,199.62354838709678,190.0,210.0,4.82,28.8,208.80149832485833,93.3
Ginger,2024,11,148.22172413793103,110.0,205.0,24.96,-5.7,208.80149832485833,62.1
Ginger,2024,12,120.0,120.0,120.0,0.0,-23.8,208.80149832485833,57.5
Ginger,2025,1,116.49413793103449,115.0,120.0,1.96,-28.9,101.07741494110265,100.0
Ginger,2025,2,114.8076923076923,110.0,115.0,0.85,-47.8,101.07741494110265,100.0
Ginger,2025,3,98.96551724137932,90.0,110.0,10.23,-53.8,101.07741494110265,92.9
Ginger,2025,4,117.91666666666667,110.0,120.0,3.52,-53.9,101.07741494110265,100.0
Ginger,2025,5,111.16666666666667,95.0,125.0,7.81,-58.4,101.07741494110265,100.0
Ginger,2025,6,100.886,98.0,110.0,3.25,-63.6,101.07741494110265,98.2
Ginger,2025,7,93.59677419354838,86.0,100.0,5.34,-59.7,101.07741494110265,90.1
Ginger,2025,8,100.86206896551724,45.0,112.0,14.49,-50.9,101.07741494110265,92.6
Ginger,2025,9,110.0,110.0,110.0,0.0,-45.5,101.07741494110265,100.0
Ginger,2025,10,94.25806451612904,70.0,110.0,15.19,-52.8,101.07741494110265,86.2
Ginger,2025,11,79.92366666666666,65.0,91.25,11.1,-46.1,101.07741494110265,74.7
Ginger,2025,12,74.05172413793103,65.0,80.0,7.35,-38.3,101.07741494110265,70.6
Ginger,2026,1,89.79166666666667,70.0,110.0,15.56,-22.9,105.88345417035072,78.2
Ginger,2026,2,109.00653846153847,105.0,112.5,1.98,-5.1,105.88345417035072,100.0
Ginger,2026,3,102.21275862068966,77.5,115.0,8.66,3.3,105.88345417035072,92.4
Ginger,2026,4,86.0576923076923,80.0,90.0,5.52,-27.0,105.88345417035072,79.0
Ginger,2026,5,126.63206896551723,80.0,165.0,23.22,13.9,105.88345417035072,100.0
Ginger,2026,6,121.6,110.0,126.0,4.83,20.5,105.88345417035072,100.0
Green Peas,2023,5,162.396875,126.67,190.0,15.72,,163.23788397822977,91.7
Green Peas,2023,6,180.985,150.0,196.67,7.13,,163.23788397822977,100.0
Green Peas,2023,10,256.9642857142857,210.0,335.0,12.52,,163.23788397822977,100.0
Green Peas,2023,11,133.7355172413793,64.0,210.0,32.95,,163.23788397822977,68.4
Green Peas,2023,12,82.10774193548387,55.0,135.0,26.64,,163.23788397822977,43.6
Green Peas,2024,1,83.33354838709678,55.0,116.0,20.82,,128.2224015102024,58.2
Green Peas,2024,2,99.18142857142857,83.75,115.33,10.15,,128.2224015102024,73.4
Green Peas,2024,3,73.789,55.0,115.0,18.31,,128.2224015102024,52.3
Green Peas,2024,4,83.27966666666666,65.0,96.67,10.67,,128.2224015102024,61.5
Green Peas,2024,5,137.01206896551724,75.0,210.0,31.83,-15.6,128.2224015102024,89.8
Green Peas,2024,6,201.0,155.0,245.0,17.78,11.1,128.2224015102024,100.0
Green Peas,2024,10,192.025,125.0,280.0,21.42,-25.3,128.2224015102024,100.0
Green Peas,2024,11,137.06896551724137,90.0,190.0,16.59,2.5,128.2224015102024,98.0
Green Peas,2024,12,147.31193548387097,95.0,190.0,16.04,79.4,128.2224015102024,100.0
Green Peas,2025,1,73.27586206896552,45.0,145.0,35.8,-12.1,115.01601839086503,52.3
Green Peas,2025,2,50.19230769230769,45.0,65.0,12.44,-49.4,115.01601839086503,40.9
Green Peas,2025,3,50.11482758620689,38.33,75.0,17.73,-32.1,115.01601839086503,39.7
Green Peas,2025,4,75.84821428571429,55.0,110.0,17.43,-8.9,115.01601839086503,60.2
Green Peas,2025,5,93.389,71.67,130.0,13.75,-31.8,115.01601839086503,75.6
Green Peas,2025,6,151.75766666666667,125.0,180.0,9.6,-24.5,115.01601839086503,100.0
Green Peas,2025,7,187.45631578947368,170.0,192.5,3.56,,115.01601839086503,100.0
Green Peas,2025,8,65.0,65.0,65.0,,,115.01601839086503,
Green Peas,2025,10,252.76190476190476,182.0,327.5,20.61,31.6,115.01601839086503,100.0
Green Peas,2025,11,148.087,110.0,212.5,16.19,8.0,115.01601839086503,100.0
Green Peas,2025,12,117.29310344827586,75.0,145.0,18.53,-20.4,115.01601839086503,92.5
Green Peas,2026,1,70.04466666666667,56.67,92.5,12.61,-4.4,79.58055207211089,82.5
Green Peas,2026,2,53.465384615384615,42.6,71.25,16.57,6.5,79.58055207211089,61.6
Green Peas,2026,3,43.35142857142857,25.0,65.0,24.09,-13.5,79.58055207211089,47.9
Green Peas,2026,4,63.38653846153846,40.0,90.0,20.73,-16.4,79.58055207211089,71.4
Green Peas,2026,5,57.23529411764706,45.0,95.0,30.57,-38.7,79.58055207211089,60.9
Green Peas,2026,6,190.0,190.0,190.0,0.0,25.2,79.58055207211089,100.0
Maize Green,2026,5,45.0,45.0,45.0,0.0,,45.0,100.0
Maize Green,2026,6,45.0,45.0,45.0,0.0,,45.0,100.0
Onion,2023,5,35.17375,34.5,39.6,3.62,,68.43476464965157,50.5
Onion,2023,6,47.640625,34.67,59.2,10.96,,68.43476464965157,65.8
Onion,2023,7,50.63066666666667,46.6,55.0,4.49,,68.43476464965157,72.3
Onion,2023,8,52.443333333333335,46.4,59.2,8.87,,68.43476464965157,73.2
Onion,2023,9,68.72483870967741,57.5,74.6,5.91,,68.43476464965157,97.5
Onion,2023,10,84.69419354838709,72.0,122.5,17.73,,68.43476464965157,100.0
Onion,2023,11,98.3248275862069,92.0,123.0,7.55,,68.43476464965157,100.0
Onion,2023,12,109.84588235294119,82.33,147.5,22.17,,68.43476464965157,100.0
Onion,2024,1,74.23653846153846,62.33,95.0,14.38,,88.29661379644847,78.0
Onion,2024,2,70.275,61.75,87.5,10.14,,88.29661379644847,75.6
Onion,2024,3,75.89766666666667,72.0,88.0,6.17,,88.29661379644847,83.3
Onion,2024,4,69.46566666666666,65.2,78.0,5.13,,88.29661379644847,76.7
Onion,2024,5,72.51033333333334,59.67,83.0,10.31,106.1,88.29661379644847,77.9
Onion,2024,6,83.54366666666667,67.33,102.6,12.1,75.4,88.29661379644847,88.9
Onion,2024,7,89.64166666666667,82.33,93.8,4.22,77.1,88.29661379644847,99.4
Onion,2024,8,102.51030303030304,82.33,132.0,13.16,95.5,88.29661379644847,100.0
Onion,2024,9,118.6417857142857,111.0,130.0,5.32,72.6,88.29661379644847,100.0
Onion,2024,10,108.84322580645161,99.0,127.67,8.72,28.5,88.29661379644847,100.0
Onion,2024,11,111.09222222222222,95.0,127.67,9.69,13.0,88.29661379644847,100.0
Onion,2024,12,82.90129032258065,61.67,97.67,16.3,-24.5,88.29661379644847,86.2
Onion,2025,1,67.2755172413793,63.33,71.0,3.78,-9.4,45.711799702491305,100.0
Onion,2025,2,69.83333333333333,63.33,79.0,7.63,-0.6,45.711799702491305,100.0
Onion,2025,3,57.30758620689655,49.0,71.0,11.29,-24.5,45.711799702491305,100.0
Onion,2025,4,41.214285714285715,37.0,49.0,8.94,-40.7,45.711799702491305,86.1
Onion,2025,5,36.75833333333333,35.25,37.0,1.2,-49.3,45.711799702491305,79.9
Onion,2025,6,42.375,37.0,49.2,9.54,-49.3,45.711799702491305,88.3
Onion,2025,7,42.640967741935484,37.0,48.5,9.07,-52.4,45.711799702491305,89.1
Onion,2025,8,39.501724137931035,36.0,43.4,6.2,-61.5,45.711799702491305,83.7
Onion,2025,9,38.5,38.0,39.0,1.84,-67.5,45.711799702491305,83.4
Onion,2025,10,35.7141935483871,33.0,39.4,6.12,-67.2,45.711799702491305,75.7
Onion,2025,11,35.311,31.25,39.0,6.93,-68.2,45.711799702491305,74.6
Onion,2025,12,42.109655172413795,30.5,54.71,19.8,-49.2,45.711799702491305,83.0
Onion,2026,1,45.72933333333334,41.0,53.5,7.65,-32.0,38.89733583849101,100.0
Onion,2026,2,37.42961538461538,36.0,39.2,2.25,-46.4,38.89733583849101,95.1
Onion,2026,3,35.22137931034483,34.75,36.8,1.41,-38.5,38.89733583849101,89.9
Onion,2026,4,35.44230769230769,34.0,36.0,1.67,-14.0,38.89733583849101,90.4
Onion,2026,5,38.19137931034483,35.0,43.0,5.34,3.9,38.89733583849101,95.6
Onion,2026,6,41.37,41.2,41.6,0.35,-2.4,38.89733583849101,100.0
Onion Green,2023,5,76.2525,55.0,86.67,11.44,,95.08451047129086,75.6
Onion Green,2023,6,78.53566666666667,55.0,96.67,20.9,,95.08451047129086,74.0
Onion Green,2023,7,81.5341935483871,63.33,96.67,11.73,,95.08451047129086,80.7
Onion Green,2023,8,96.11333333333333,75.0,210.0,35.02,,95.08451047129086,83.4
Onion Green,2023,9,152.44071428571428,86.67,193.33,29.8,,95.08451047129086,100.0
Onion Green,2023,10,106.75133333333333,75.0,175.0,22.69,,95.08451047129086,99.5
Onion Green,2023,11,85.51931034482759,56.67,175.0,24.31,,95.08451047129086,79.0
Onion Green,2023,12,83.52903225806452,65.0,96.67,14.15,,95.08451047129086,81.6
Onion Green,2024,1,106.56129032258065,95.0,150.0,13.15,,124.22957987931919,80.1
Onion Green,2024,2,102.21000000000001,66.67,126.67,18.28,,124.22957987931919,74.8
Onion Green,2024,3,58.33533333333333,35.0,86.67,21.63,,124.22957987931919,41.9
Onion Green,2024,4,51.78,35.0,66.67,13.79,,124.22957987931919,38.8
Onion Green,2024,5,95.391,65.0,140.0,21.33,25.1,124.22957987931919,68.6
Onion Green,2024,6,89.50166666666668,75.0,126.67,12.16,14.0,124.22957987931919,67.7
Onion Green,2024,7,143.0006666666667,65.0,226.67,33.67,75.4,124.22957987931919,95.7
Onion Green,2024,8,224.13935483870966,143.33,325.0,16.35,133.2,124.22957987931919,100.0
Onion Green,2024,9,228.33535714285716,145.0,375.0,22.03,49.8,124.22957987931919,100.0
Onion Green,2024,10,191.57966666666667,95.0,324.0,29.99,79.5,124.22957987931919,100.0
Onion Green,2024,11,112.2996551724138,85.0,176.67,20.83,31.3,124.22957987931919,81.0
Onion Green,2024,12,87.62096774193549,55.0,110.0,15.03,4.9,124.22957987931919,65.2
Onion Green,2025,1,49.285714285714285,35.0,65.0,18.67,-53.7,71.8424789414262,62.2
Onion Green,2025,2,32.03703703703704,25.0,35.0,14.52,-68.7,71.8424789414262,41.4
Onion Green,2025,3,32.327586206896555,25.0,45.0,24.8,-44.6,71.8424789414262,39.4
Onion Green,2025,4,42.333571428571425,32.67,80.0,22.06,-18.2,71.8424789414262,52.4
Onion Green,2025,5,47.833333333333336,35.0,60.0,11.54,-49.9,71.8424789414262,62.7
Onion Green,2025,6,78.03103448275863,30.5,130.0,31.07,-12.8,71.8424789414262,91.7
Onion Green,2025,7,172.70967741935485,110.0,230.0,18.84,20.8,71.8424789414262,100.0
Onion Green,2025,8,91.85833333333333,75.0,124.0,12.53,-59.0,71.8424789414262,100.0
Onion Green,2025,9,77.5,65.0,90.0,22.81,-66.1,71.8424789414262,95.6
Onion Green,2025,10,96.57000000000001,60.0,176.67,27.8,-49.6,71.8424789414262,100.0
Onion Green,2025,11,88.89966666666666,67.5,143.0,20.14,-20.8,71.8424789414262,100.0
Onion Green,2025,12,52.72379310344827,43.33,79.17,13.51,-39.8,71.8424789414262,68.4
Onion Green,2026,1,47.683,41.25,52.5,6.41,-3.3,77.22036958443856,59.8
Onion Green,2026,2,45.89730769230769,35.0,55.0,12.31,43.3,77.22036958443856,55.8
Onion Green,2026,3,59.77862068965517,35.0,120.0,33.9,84.9,77.22036958443856,64.3
Onion Green,2026,4,81.41346153846153,60.0,135.0,21.41,92.3,77.22036958443856,94.1
Onion Green,2026,5,128.4248275862069,90.0,190.0,16.82,168.5,77.22036958443856,100.0
Onion Green,2026,6,100.125,85.0,110.0,9.82,28.3,77.22036958443856,100.0
Potato,2023,5,30.23,26.67,32.67,6.92,,38.11183887520525,76.6
Potato,2023,6,34.76448275862069,31.67,41.33,5.47,,38.11183887520525,88.7
Potato,2023,7,35.12571428571429,34.33,39.0,2.6,,38.11183887520525,91.0
Potato,2023,8,36.667142857142856,35.5,41.0,5.31,,38.11183887520525,93.7
Potato,2023,9,48.07142857142857,47.0,57.0,4.16,,38.11183887520525,100.0
Potato,2023,10,48.84433333333333,41.0,68.33,16.79,,38.11183887520525,100.0
Potato,2023,11,38.87827586206897,34.33,48.33,6.97,,38.11183887520525,98.5
Potato,2023,12,32.31333333333333,27.0,42.5,14.98,,38.11183887520525,78.4
Potato,2024,1,25.625,22.5,27.0,8.34,,46.42737444037444,52.9
Potato,2024,2,29.0,29.0,29.0,,,46.42737444037444,
Potato,2024,3,30.88888888888889,29.0,33.5,5.65,,46.42737444037444,64.7
Potato,2024,4,41.52538461538462,39.0,43.33,3.78,,46.42737444037444,87.8
Potato,2024,5,43.06307692307692,41.0,48.33,4.94,42.5,46.42737444037444,90.5
Potato,2024,6,44.94333333333333,43.33,46.0,2.7,29.3,46.42737444037444,95.5
Potato,2024,7,50.682380952380946,47.0,54.0,4.55,44.3,46.42737444037444,100.0
Potato,2024,8,53.349333333333334,51.0,54.5,2.16,45.5,46.42737444037444,100.0
Potato,2024,9,54.5,54.5,54.5,,13.4,46.42737444037444,
Potato,2024,10,68.0,65.0,69.0,2.94,39.2,46.42737444037444,100.0
Potato,2024,11,62.00642857142857,56.67,76.67,6.71,59.5,46.42737444037444,100.0
Potato,2024,12,53.544666666666664,41.0,65.0,15.09,65.7,46.42737444037444,100.0
Potato,2025,6,33.25846153846154,32.33,34.5,1.94,-26.0,39.44171958683138,83.5
Potato,2025,7,37.92666666666666,33.5,40.0,5.18,-25.2,39.44171958683138,93.7
Potato,2025,8,37.27571428571429,29.0,39.0,6.88,-30.1,39.44171958683138,91.3
Potato,2025,9,38.75,38.5,39.0,0.91,-28.9,39.44171958683138,97.8
Potato,2025,10,49.18695652173913,39.0,63.8,18.08,-27.7,39.44171958683138,100.0
Potato,2025,11,46.51566666666667,37.8,69.75,17.76,-25.0,39.44171958683138,100.0
Potato,2025,12,33.17857142857143,28.5,39.0,10.02,-38.0,39.44171958683138,79.9
Potato,2026,6,26.335,24.67,28.0,8.94,-20.8,26.335,95.5
Potato Red,2023,5,35.54622222222222,29.5,41.33,11.45,,42.219288230490704,79.4
Potato Red,2023,6,40.08320512820512,34.67,47.0,8.51,,42.219288230490704,90.9
Potato Red,2023,7,40.89225806451613,34.67,51.2,12.36,,42.219288230490704,90.9
Potato Red,2023,8,42.07711111111111,35.33,51.0,13.58,,42.219288230490704,92.9
Potato Red,2023,9,47.72821428571429,35.33,59.0,18.93,,42.219288230490704,100.0
Potato Red,2023,10,49.12549450549451,34.5,95.0,26.62,,42.219288230490704,100.0
Potato Red,2023,11,45.866290322580646,34.5,62.5,21.28,,42.219288230490704,97.1
Potato Red,2023,12,36.43551020408163,29.0,49.0,15.24,,42.219288230490704,79.7
Potato Red,2024,1,32.25322580645162,29.0,38.0,8.52,,52.63635349943431,58.7
Potato Red,2024,2,31.076607142857142,28.75,36.0,7.51,,52.63635349943431,56.8
Potato Red,2024,3,37.90553571428571,31.4,45.0,9.37,,52.63635349943431,68.6
Potato Red,2024,4,45.187592592592594,39.0,52.5,7.78,,52.63635349943431,82.5
Potato Red,2024,5,49.45507246376812,46.33,55.2,5.48,39.1,52.63635349943431,91.4
Potato Red,2024,6,50.44460674157303,46.33,61.2,6.76,25.8,52.63635349943431,92.6
Potato Red,2024,7,57.76539325842697,49.0,70.4,11.75,41.3,52.63635349943431,100.0
Potato Red,2024,8,60.87934782608695,51.0,70.5,9.08,44.7,52.63635349943431,100.0
Potato Red,2024,9,64.61463414634146,53.67,81.0,10.85,35.4,52.63635349943431,100.0
Potato Red,2024,10,74.04555555555557,56.0,102.67,15.5,50.7,52.63635349943431,100.0
Potato Red,2024,11,69.90189655172414,53.0,87.67,11.22,52.4,52.63635349943431,100.0
Potato Red,2024,12,58.10677419354838,41.0,76.33,13.9,59.5,52.63635349943431,100.0
Potato Red,2025,1,41.39086206896552,34.0,53.0,10.3,28.3,39.273907687822145,100.0
Potato Red,2025,2,32.842777777777776,30.0,37.67,5.42,5.7,39.273907687822145,81.4
Potato Red,2025,3,32.57153846153846,31.0,36.33,2.71,-14.1,39.273907687822145,81.8
Potato Red,2025,4,34.10454545454545,29.67,39.0,7.4,-24.5,39.273907687822145,83.6
Potato Red,2025,5,35.75546875,31.0,39.0,5.84,-27.7,39.273907687822145,88.4
Potato Red,2025,6,37.63431818181818,33.0,43.8,7.31,-25.4,39.273907687822145,92.3
Potato Red,2025,7,38.92826086956522,28.5,45.25,11.17,-32.6,39.273907687822145,93.6
Potato Red,2025,8,41.01477777777778,27.4,51.0,19.37,-32.6,39.273907687822145,94.3
Potato Red,2025,9,40.53333333333333,27.0,51.0,25.74,-37.3,39.273907687822145,89.9
Potato Red,2025,10,46.867555555555555,29.0,86.75,26.61,-36.7,39.273907687822145,100.0
Potato Red,2025,11,53.25483333333333,34.0,87.67,20.69,-23.8,39.273907687822145,100.0
Potato Red,2025,12,36.38862068965517,25.0,50.0,20.12,-37.4,39.273907687822145,83.3
Potato Red,2026,1,26.961166666666667,23.75,30.75,8.41,-34.9,25.54465351881169,100.0
Potato Red,2026,2,25.289615384615384,23.0,28.67,5.8,-23.0,25.54465351881169,96.1
Potato Red,2026,3,21.16551724137931,17.5,24.5,10.14,-35.0,25.54465351881169,78.7
Potato Red,2026,4,21.81519230769231,17.5,25.0,9.64,-36.0,25.54465351881169,81.3
Potato Red,2026,5,25.301212121212124,20.75,32.6,11.64,-29.2,25.54465351881169,93.3
Potato Red,2026,6,32.735217391304346,28.25,38.2,8.08,-13.0,25.54465351881169,100.0
Pumpkin,2023,5,45.1775,37.67,48.75,6.89,,42.87322518406695,100.0
Pumpkin,2023,6,40.70466666666666,32.5,53.33,17.53,,42.87322518406695,86.6
Pumpkin,2023,7,43.01566666666667,33.33,56.67,9.84,,42.87322518406695,95.4
Pumpkin,2023,8,47.072,42.5,53.33,9.47,,42.87322518406695,100.0
Pumpkin,2023,9,51.14178571428572,47.5,53.33,4.62,,42.87322518406695,100.0
Pumpkin,2023,10,41.25516129032258,35.0,52.5,13.0,,42.87322518406695,90.0
Pumpkin,2023,11,35.3448275862069,25.0,45.0,9.21,,42.87322518406695,78.6
Pumpkin,2023,12,39.274193548387096,35.0,47.5,12.21,,42.87322518406695,86.0
Pumpkin,2024,1,45.16129032258065,40.0,50.0,5.97,,46.566794824937766,94.1
Pumpkin,2024,2,48.535357142857144,42.5,55.0,5.96,,46.566794824937766,100.0
Pumpkin,2024,3,45.79862068965517,43.33,48.33,2.89,,46.566794824937766,96.9
Pumpkin,2024,4,41.794333333333334,39.0,46.0,5.2,,46.566794824937766,87.4
Pumpkin,2024,5,40.344,37.5,45.0,6.46,-10.7,46.566794824937766,83.8
Pumpkin,2024,6,38.428,33.0,45.0,5.93,-5.6,46.566794824937766,80.1
Pumpkin,2024,7,53.14966666666667,37.5,68.33,24.38,23.6,46.566794824937766,100.0
Pumpkin,2024,8,58.59774193548387,52.0,65.0,7.6,24.5,46.566794824937766,100.0
Pumpkin,2024,9,45.2975,45.0,53.33,3.48,-11.4,46.566794824937766,95.6
Pumpkin,2024,10,52.236774193548385,37.33,65.0,13.27,26.6,46.566794824937766,100.0
Pumpkin,2024,11,37.597931034482755,35.0,55.0,15.23,6.4,46.566794824937766,74.6
Pumpkin,2024,12,51.86032258064516,35.0,85.0,19.27,32.0,46.566794824937766,100.0
Pumpkin,2025,1,45.97689655172414,43.33,55.0,6.82,1.8,46.856791443755846,94.8
Pumpkin,2025,2,45.0,45.0,45.0,0.0,-7.3,46.856791443755846,96.0
Pumpkin,2025,3,45.3448275862069,45.0,55.0,4.1,-1.0,46.856791443755846,94.8
Pumpkin,2025,4,45.357142857142854,45.0,55.0,4.17,8.5,46.856791443755846,94.8
Pumpkin,2025,5,44.13793103448276,40.0,45.0,4.35,9.4,46.856791443755846,92.1
Pumpkin,2025,6,41.052,39.33,45.0,4.43,6.8,46.856791443755846,85.7
Pumpkin,2025,7,44.33064516129032,40.0,46.0,3.32,-16.6,46.856791443755846,93.0
Pumpkin,2025,8,44.63333333333333,40.0,51.0,4.65,-23.8,46.856791443755846,93.0
Pumpkin,2025,9,60.0,45.0,75.0,35.36,32.5,46.856791443755846,100.0
Pumpkin,2025,10,67.44354838709677,50.0,75.0,8.96,29.1,46.856791443755846,100.0
Pumpkin,2025,11,44.35,32.5,65.0,16.18,18.0,46.856791443755846,87.0
Pumpkin,2025,12,34.6551724137931,30.0,37.5,5.0,-33.2,46.856791443755846,72.1
Pumpkin,2026,1,41.675,35.0,51.25,15.47,-9.4,52.52493059239611,73.2
Pumpkin,2026,2,49.23076923076923,45.0,50.0,3.74,9.4,52.52493059239611,92.0
Pumpkin,2026,3,58.75,55.0,65.0,5.85,29.6,52.52493059239611,100.0
Pumpkin,2026,4,55.96153846153846,55.0,57.5,2.22,23.4,52.52493059239611,100.0
Pumpkin,2026,5,54.69827586206897,52.5,57.5,1.9,23.9,52.52493059239611,100.0
Pumpkin,2026,6,54.834,51.67,56.25,2.32,33.6,52.52493059239611,100.0
Snake Gourd,2023,5,37.667500000000004,32.67,46.67,13.23,,39.80277298476629,88.4
Snake Gourd,2023,6,36.207931034482755,35.0,55.0,10.21,,39.80277298476629,86.3
Snake Gourd,2023,7,47.821538461538466,25.0,86.67,33.32,,39.80277298476629,100.0
Snake Gourd,2023,8,37.22266666666667,35.0,45.0,9.52,,39.80277298476629,89.1
Snake Gourd,2023,9,44.40642857142858,33.33,66.67,19.92,,39.80277298476629,100.0
Snake Gourd,2023,10,38.12571428571429,25.0,55.0,15.14,,39.80277298476629,88.5
Snake Gourd,2023,11,31.794615384615383,25.0,35.0,13.44,,39.80277298476629,74.5
Snake Gourd,2023,12,45.17578947368421,35.0,66.67,30.89,,39.80277298476629,96.0
Snake Gourd,2024,4,87.31611111111111,75.0,96.67,8.47,,51.57928610664799,100.0
Snake Gourd,2024,5,63.946333333333335,45.0,76.67,13.35,69.8,51.57928610664799,100.0
Snake Gourd,2024,6,38.583666666666666,22.5,55.0,20.22,6.6,51.57928610664799,67.2
Snake Gourd,2024,7,56.723333333333336,30.0,75.0,21.71,18.6,51.57928610664799,98.0
Snake Gourd,2024,8,38.74225806451613,30.0,55.0,15.47,4.1,51.57928610664799,69.3
Snake Gourd,2024,9,30.876666666666665,22.33,55.0,23.09,-30.5,51.57928610664799,53.0
Snake Gourd,2024,10,48.634516129032264,25.0,75.0,29.66,27.6,51.57928610664799,80.3
Snake Gourd,2024,11,44.39068965517241,22.33,65.0,19.17,39.6,51.57928610664799,77.8
Snake Gourd,2024,12,55.0,55.0,55.0,0.0,21.7,51.57928610664799,100.0
Snake Gourd,2025,2,115.0,115.0,115.0,,,53.417643778801846,
Snake Gourd,2025,3,87.0,85.0,95.0,5.14,,53.417643778801846,100.0
Snake Gourd,2025,4,61.25,45.0,75.0,17.23,-29.9,53.417643778801846,100.0
Snake Gourd,2025,5,33.27733333333333,25.0,45.0,21.62,-48.0,53.417643778801846,55.6
Snake Gourd,2025,6,26.694666666666667,20.0,36.75,16.45,-30.8,53.417643778801846,45.9
Snake Gourd,2025,7,24.42258064516129,17.0,36.0,18.95,-56.9,53.417643778801846,41.4
Snake Gourd,2025,8,35.660666666666664,17.0,49.0,26.65,-8.0,53.417643778801846,57.9
Snake Gourd,2025,9,30.0,30.0,30.0,0.0,-2.8,53.417643778801846,56.2
Snake Gourd,2025,10,54.97833333333333,25.0,77.5,35.09,13.0,53.417643778801846,84.9
Snake Gourd,2025,11,65.89285714285714,50.0,95.0,30.33,48.4,53.417643778801846,100.0
Snake Gourd,2026,4,61.25,25.0,116.25,45.86,0.0,46.01747222222222,100.0
Snake Gourd,2026,5,35.510416666666664,25.0,48.75,21.37,6.7,46.01747222222222,68.9
Snake Gourd,2026,6,41.292,32.5,46.67,12.72,54.7,46.01747222222222,84.0
Spinach,2023,5,112.39812500000001,93.33,116.67,6.74,,121.24450318024115,89.6
Spinach,2023,6,106.97136363636363,96.67,116.67,6.37,,121.24450318024115,85.4
Spinach,2023,7,85.75909090909092,85.0,86.67,1.02,,121.24450318024115,70.4
Spinach,2023,10,226.78571428571428,135.0,275.0,19.48,,121.24450318024115,100.0
Spinach,2023,11,93.50724137931034,76.67,135.0,13.23,,121.24450318024115,72.0
Spinach,2023,12,102.04548387096774,65.0,126.67,21.84,,121.24450318024115,75.0
Spinach,2024,1,97.69096774193548,85.0,125.0,8.53,,113.0597522680323,82.7
Spinach,2024,2,69.04892857142858,35.0,115.0,29.01,,113.0597522680323,52.2
Spinach,2024,3,83.225,65.0,116.67,19.37,,113.0597522680323,66.5
Spinach,2024,4,130.8648275862069,105.0,146.67,9.36,,113.0597522680323,100.0
Spinach,2024,5,141.78,125.0,156.67,5.75,26.1,113.0597522680323,100.0
Spinach,2024,6,155.71571428571428,155.0,156.67,0.57,45.6,113.0597522680323,100.0
Spinach,2024,8,134.305,95.0,176.67,16.59,,113.0597522680323,100.0
Spinach,2024,9,118.88875,75.0,190.0,30.79,,113.0597522680323,89.0
Spinach,2024,10,126.03258064516129,65.0,276.67,44.8,-44.4,113.0597522680323,86.5
Spinach,2024,11,95.4603448275862,55.0,226.67,45.76,2.1,113.0597522680323,65.1
Spinach,2024,12,90.64516129032258,75.0,105.0,7.9,-11.2,113.0597522680323,77.0
Spinach,2025,1,56.37931034482759,35.0,85.0,31.7,-42.3,94.72496829492106,50.1
Spinach,2025,2,39.629629629629626,35.0,45.0,9.85,-42.6,94.72496829492106,39.8
Spinach,2025,3,59.48275862068966,45.0,75.0,11.53,-28.5,94.72496829492106,59.2
Spinach,2025,4,76.30964285714286,65.0,140.0,20.43,-41.7,94.72496829492106,72.3
Spinach,2025,5,71.66666666666667,45.0,95.0,19.85,-49.5,94.72496829492106,68.1
Spinach,2025,6,45.568333333333335,30.0,142.0,48.31,-70.7,94.72496829492106,36.5
Spinach,2025,7,103.07000000000001,50.0,178.0,40.24,20.2,94.72496829492106,86.9
Spinach,2025,8,88.38206896551723,42.0,172.0,47.39,-34.2,94.72496829492106,71.2
Spinach,2025,9,115.0,95.0,135.0,24.6,-3.3,94.72496829492106,100.0
Spinach,2025,10,185.0409677419355,100.0,300.0,30.91,46.8,94.72496829492106,100.0
Spinach,2025,11,183.38299999999998,133.33,275.0,21.74,92.1,94.72496829492106,100.0
Spinach,2025,12,112.78724137931034,70.0,165.0,22.31,24.4,94.72496829492106,100.0
Spinach,2026,1,68.16666666666667,55.0,75.0,7.76,20.9,74.17305850279989,88.3
Spinach,2026,2,35.67307692307692,27.5,52.5,27.65,-10.0,74.17305850279989,41.4
Spinach,2026,3,81.55172413793103,35.0,110.0,31.35,37.1,74.17305850279989,92.7
Spinach,2026,4,80.46153846153847,60.0,110.0,21.19,5.4,74.17305850279989,97.0
Spinach,2026,5,94.3103448275862,75.0,110.0,12.25,31.6,74.17305850279989,100.0
Spinach,2026,6,84.875,83.75,85.0,0.47,86.3,74.17305850279989,100.0
Tomato,2023,5,53.307096774193546,32.5,66.67,14.8,,73.15975086130072,67.5
Tomato,2023,6,43.26145833333334,22.5,66.67,23.88,,73.15975086130072,52.1
Tomato,2023,7,88.52709677419355,55.0,130.0,17.51,,73.15975086130072,100.0
Tomato,2023,8,158.28866666666667,130.0,170.0,8.97,,73.15975086130072,100.0
Tomato,2023,9,56.24804878048781,32.5,106.67,31.96,,73.15975086130072,64.6
Tomato,2023,10,43.902631578947364,31.6,75.0,24.12,,73.15975086130072,52.8
Tomato,2023,11,71.01942307692308,45.0,115.0,27.11,,73.15975086130072,83.9
Tomato,2023,12,70.72358490566037,50.0,115.0,21.31,,73.15975086130072,86.4
Tomato,2024,1,55.725806451612904,45.0,75.0,13.77,,77.80705326077594,66.7
Tomato,2024,2,66.99410714285715,55.0,95.0,16.2,,77.80705326077594,79.1
Tomato,2024,3,65.64833333333334,55.0,86.67,13.59,,77.80705326077594,78.6
Tomato,2024,4,66.78854166666666,45.0,76.67,11.79,,77.80705326077594,80.8
Tomato,2024,5,56.684680851063824,35.0,76.67,20.63,6.3,77.80705326077594,65.3
Tomato,2024,6,59.886595744680854,35.0,75.0,14.68,38.4,77.80705326077594,71.3
Tomato,2024,7,93.31594594594594,60.0,125.0,23.09,5.4,77.80705326077594,100.0
Tomato,2024,8,79.80085106382978,53.75,102.5,15.76,-49.6,77.80705326077594,94.5
Tomato,2024,9,70.4054054054054,55.0,110.0,24.91,25.2,77.80705326077594,79.2
Tomato,2024,10,132.94354838709677,95.0,150.0,10.73,202.8,77.80705326077594,100.0
Tomato,2024,11,93.23275862068965,85.0,98.75,4.29,31.3,77.80705326077594,100.0
Tomato,2024,12,92.25806451612904,85.0,95.0,4.81,30.4,77.80705326077594,100.0
Tomato,2025,1,69.48275862068965,65.0,85.0,11.27,24.7,66.212803989796,99.0
Tomato,2025,2,54.0,45.0,65.0,10.94,-19.4,66.212803989796,77.1
Tomato,2025,3,37.13947368421052,17.67,55.0,29.98,-43.4,66.212803989796,47.7
Tomato,2025,4,41.964285714285715,35.0,55.0,18.13,-37.2,66.212803989796,57.6
Tomato,2025,5,51.81195652173913,35.0,65.0,23.15,-8.6,66.212803989796,69.2
Tomato,2025,6,74.50727272727272,50.0,105.5,18.71,24.4,66.212803989796,100.0
Tomato,2025,7,62.440303030303035,55.0,70.0,8.63,-33.1,66.212803989796,90.2
Tomato,2025,8,69.5,54.25,86.25,16.84,-12.9,66.212803989796,96.1
Tomato,2025,9,73.0,67.0,75.0,5.48,3.7,66.212803989796,100.0
Tomato,2025,10,64.87847826086956,47.25,75.0,14.99,-51.2,66.212803989796,90.6
Tomato,2025,11,96.5109375,65.0,130.0,19.07,3.5,66.212803989796,100.0
Tomato,2025,12,99.31818181818181,72.5,115.0,12.2,7.7,66.212803989796,100.0
Tomato,2026,1,100.13372093023256,75.0,122.5,13.46,44.1,75.4446152265913,100.0
Tomato,2026,2,66.63461538461539,60.0,75.0,6.25,23.4,75.4446152265913,85.6
Tomato,2026,3,71.33620689655173,65.0,75.0,6.42,92.1,75.4446152265913,91.5
Tomato,2026,4,75.64814814814815,65.0,105.0,17.11,80.3,75.4446152265913,91.7
Tomato,2026,5,76.34,55.0,90.0,15.0,47.3,75.4446152265913,93.6
Tomato,2026,6,62.575,53.75,75.0,12.97,-16.0,75.4446152265913,77.6
Tomato Small,2023,5,36.49684210526316,14.4,59.0,25.28,,41.818286118006824,76.2
Tomato Small,2023,6,16.108367346938778,5.8,35.0,50.29,,41.818286118006824,28.8
Tomato Small,2023,7,41.51629032258065,12.33,89.0,42.41,,41.818286118006824,78.2
Tomato Small,2023,8,83.07413793103449,50.0,114.6,20.06,,41.818286118006824,100.0
Tomato Small,2023,9,56.832337662337665,32.5,99.0,25.05,,41.818286118006824,100.0
Tomato Small,2023,10,45.57977777777778,27.0,78.0,26.78,,41.818286118006824,94.4
Tomato Small,2023,11,33.95957746478874,17.5,55.0,27.63,,41.818286118006824,70.0
Tomato Small,2023,12,20.978958333333335,12.33,34.0,25.84,,41.818286118006824,43.7
Tomato Small,2024,1,24.39428571428571,12.33,50.0,31.58,,48.04222226366603,42.8
Tomato Small,2024,2,32.616547619047616,17.5,55.0,29.97,,48.04222226366603,57.7
Tomato Small,2024,3,47.76742574257426,22.33,85.0,39.06,,48.04222226366603,80.0
Tomato Small,2024,4,47.35962264150943,22.5,95.0,38.32,,48.04222226366603,79.7
Tomato Small,2024,5,35.723173076923075,17.33,75.0,29.74,-2.1,48.04222226366603,63.3
Tomato Small,2024,6,21.710151515151512,10.0,37.8,32.65,34.8,48.04222226366603,37.8
Tomato Small,2024,7,35.227833333333336,14.2,72.0,43.05,-15.1,48.04222226366603,57.5
Tomato Small,2024,8,37.43611940298507,14.0,66.0,37.23,-54.9,48.04222226366603,63.4
Tomato Small,2024,9,36.279016393442625,22.33,90.0,38.53,-36.2,48.04222226366603,61.0
Tomato Small,2024,10,103.60589743589743,55.0,135.75,18.49,127.3,48.04222226366603,100.0
Tomato Small,2024,11,79.52907216494845,40.0,122.5,20.11,134.2,48.04222226366603,100.0
Tomato Small,2024,12,74.8575221238938,27.5,125.0,26.71,256.8,48.04222226366603,100.0
Tomato Small,2025,1,29.351325301204817,17.67,45.0,20.53,20.3,41.31172130205429,63.8
Tomato Small,2025,2,22.086969696969696,17.67,32.67,18.66,-32.3,41.31172130205429,48.5
Tomato Small,2025,3,18.88975,12.33,25.0,14.49,-60.5,41.31172130205429,42.4
Tomato Small,2025,4,21.15607142857143,15.0,35.0,15.34,-55.3,41.31172130205429,47.3
Tomato Small,2025,5,51.02943820224719,22.33,85.0,27.82,42.8,41.31172130205429,100.0
Tomato Small,2025,6,45.022571428571425,25.0,88.4,32.61,107.4,41.31172130205429,91.2
Tomato Small,2025,7,34.3206779661017,21.67,53.6,25.35,-2.6,41.31172130205429,72.5
Tomato Small,2025,8,30.6265,16.75,44.67,22.37,-18.2,41.31172130205429,65.8
Tomato Small,2025,9,36.416,20.0,50.25,34.26,0.4,41.31172130205429,73.0
Tomato Small,2025,10,38.38357142857143,18.0,87.6,33.05,-63.0,41.31172130205429,77.6
Tomato Small,2025,11,86.465625,29.0,133.0,31.43,8.7,41.31172130205429,100.0
Tomato Small,2025,12,81.99215517241379,42.67,117.5,18.21,9.5,41.31172130205429,100.0
Tomato Small,2026,1,72.0872268907563,22.5,122.5,35.93,145.6,45.808424201473905,100.0
Tomato Small,2026,2,36.99091836734694,22.75,55.0,21.14,67.5,45.808424201473905,72.2
Tomato Small,2026,3,42.60279069767442,25.0,65.83,25.94,125.5,45.808424201473905,80.9
Tomato Small,2026,4,39.758717948717944,22.5,65.0,29.83,87.9,45.808424201473905,73.8
Tomato Small,2026,5,53.24739130434783,19.5,84.28,28.76,4.3,45.808424201473905,99.5
Tomato Small,2026,6,30.1635,14.25,40.6,26.01,-33.0,45.808424201473905,57.3
